{
    "$schema": "http://json-schema.org/draft-07/schema",
    "$id": "http://example.com/example.json",
    "type": "object",
    "title": "The root schema",
    "description": "The root schema comprises the entire JSON document.",
    "default": {},
    "examples": [
        {
            "name": "Fotos Premium 15x20",
            "status": 1,
            "uuid": "",
            "project_template": {}
        }
    ],
    "required": [
        "name",
        "status",
        "uuid",
        "project_template"
    ],
    "additionalProperties": true,
    "properties": {
        "name": {
            "$id": "#/properties/name",
            "type": "string",
            "title": "The name schema",
            "description": "An explanation about the purpose of this instance.",
            "default": "",
            "examples": [
                "Fotos Premium 15x20"
            ]
        },
        "status": {
            "$id": "#/properties/status",
            "type": "integer",
            "title": "The status schema",
            "description": "An explanation about the purpose of this instance.",
            "default": 0,
            "examples": [
                1
            ]
        },
        "uuid": {
            "$id": "#/properties/uuid",
            "type": "string",
            "title": "The uuid schema",
            "description": "An explanation about the purpose of this instance.",
            "default": "",
            "examples": [
                ""
            ]
        },
        "project_template": {
            "$id": "#/properties/project_template",
            "type": "object",
            "title": "The project_template schema",
            "description": "An explanation about the purpose of this instance.",
            "default": {},
            "examples": [
                {}
            ],
            "required": [],
            "additionalProperties": true,
            "properties": {}
        }
    }
}